,Mevsimlik Ürünler Hariç TÜFE,TÜFE B,TÜFE C,TÜFE D,TÜFE E,TÜFE F,Mallar,Enerji,Gıda ve alkolsüz içecekler,İşlenmemiş gıda,Taze meyve ve sebze,Diğer işlenmemiş gıda,İşlenmiş Gıda,Ekmek ve tahıllar,Diğer işlenmiş gıda,Enerji ve gıda dışı mallar,Temel mallar,Giyim ve ayakkabı,Dayanıklı Mallar (altın hariç),Diğer Temel Mallar,Altın,Hizmet,Kira,Lokanta ve oteller,Ulaştırma hizmetleri,Haberleşme hizmetleri,Diğer hizmetler
2025-02-28,2.996416006313085,2.3151679579105355,1.7995928320544197,2.481539097729546,2.354000421135183,2.429191102230055,1.6304638085864465,3.578586539838091,3.1706124904435473,1.4022710011110107,-1.213679941825463,3.355927072808562,4.695862669559703,5.02110520211887,4.526850890478595,-0.15868230216283807,-0.2530808373938709,-5.258842820332621,1.1116919112105217,1.2561337599132028,0.5483994632930811,3.6092833741706354,5.235276917043885,3.116205399442795,7.304913827837267,3.6567000282370588,2.018548827059452
